{"createdDate":"2020-02-21 15:59:56","id":"AA067CC7-BD4D-4D38-A1F2-5C834E835FB5","modifiedDate":"2020-02-21 16:03:25","title":"asl_alphabet_train","dataResult":{"itemsCount":87000,"dataURL":"file:\/\/\/Users\/likhongomes\/Downloads\/asl-alphabet\/asl_alphabet_train\/asl_alphabet_train\/","classesCount":29,"analysis":{"summary":{"canUseValidation":1,"classCount":29,"sampleCount":87000},"issues":[{"description":"29 classes found, including F, V, K","severity":"info"},{"description":"87000 images found, automatically creating validation set","severity":"good"},{"description":"Smallest class is \"R\" with 3000 images","severity":"warning"},{"description":"Largest class is \"F\" with 3000 images","severity":"info"}],"classifierAnalysis":{"columns":[],"vizualizerSpec":"","labelStats":{"G":3000,"U":3000,"H":3000,"V":3000,"I":3000,"W":3000,"del":3000,"nothing":3000,"X":3000,"J":3000,"K":3000,"Y":3000,"L":3000,"Z":3000,"M":3000,"N":3000,"A":3000,"O":3000,"B":3000,"P":3000,"C":3000,"Q":3000,"D":3000,"R":3000,"space":3000,"E":3000,"S":3000,"F":3000,"T":3000}}}},"preferredFilename":"asl_alphabet_train","version":"1.0","pathType":0,"experimentIDs":["4CC70E9B-04AC-42A3-9E48-5864F6C4F74A"]}